"","Aridity","Elevation","Total.Links","Connectance","Links.per.species","Cluster.coefficient","Linkage.density","Robustness.at.the.plant.level","Robustness.at.the.microbial.level","Partner.diversity.at.the.plant.level","Partner.diversity.at.the.microbial.level"
"1",0.012,5200,698.5,0.138042325125,1.5467891935,0.113206430875,41.090160515,0.593320021375,0.9774324665,3.917363619125,0.35598138475
"2",0.159,5100,633.857142857143,0.135390220428571,1.48102154785714,0.123690384857143,36.0587259571429,0.577172133714286,0.978710949,3.906818366,0.316804749142857
"3",0.308,5000,921.571428571429,0.274390551571429,2.14817858871429,0.272783564428571,73.7759946871429,0.656102916285714,0.987714860142857,4.54924792228571,0.602181657142857
"4",0.452,4900,674.875,0.258619947125,1.705086861875,0.2296032695,64.72561363875,0.613233315875,0.98729055,4.439503908125,0.413114704125
"5",0.586,4800,526.625,0.246454871625,1.65031477875,0.244326184,46.33524339125,0.602268457375,0.985182722375,4.221993472375,0.3853339675
"6",0.694,4700,423.375,0.171262153875,1.342651767625,0.153977929375,30.6874216875,0.567585067375,0.9800382715,3.874090066875,0.241325095125
"7",0.784,4600,489.375,0.251818671375,1.415434799125,0.224554657,53.61756932,0.578581759125,0.985304288375,4.281103783875,0.27495092575
"8",0.865,4500,302.714285714286,0.236790827428571,1.12652648657143,0.220971836142857,36.3536240028571,0.531419342142857,0.982116092571429,4.03583218085714,0.100741229571429
"9",0.936,4400,255.142857142857,0.291358815571429,1.34442585842857,0.286671197428571,28.6580463542857,0.570387531,0.979611475142857,3.81178341771429,0.226242747571429
